Device Type,Brand Name,Marketing Name,OS,OS Version,Device Model,User Given Name,Device Last Location,Gaia ID
PC,,,Mac,10.15.7,,,"Country ISO: US
Last Activity Time: 2025-10-23 23:41:47 UTC",626342228976
MOBILE,Apple,iPhone,iOS,18.6,iPhone,,"Country ISO: US
Last Activity Time: 2025-10-01 03:14:26 UTC",626342228976
MOBILE,Apple,iPhone,iOS,26.0.1,iPhone,,"Country ISO: US
Last Activity Time: 2025-10-27 22:17:56 UTC",626342228976
MOBILE,Apple,iPhone 15 Pro Max,iOS,,"iPhone16,2",iPhone,,626342228976
